fault_id,module,hierarchical_path,type,inject_cycle,duration,target_ch,expected_class,fault_kind,bit_index
L0001_000,top,dut.datapath_safety_fault,fault_detect_logic,runtime,until_detected,0,detected,datapath_safety_fault,-1
L0002_000,top,dut.aggregate_safety_fault,fault_detect_logic,runtime,until_detected,0,detected,aggregate_safety_fault,-1
L0003_000,top,dut.aggregate_safety_error_code[*],fault_detect_logic,runtime,until_detected,0,detected,aggregate_safety_error_code,-1
L0004_000,top,dut.fault_detect,tmr_voter_logic,runtime,until_detected,0,detected,fault_detect,-1
L0005_000,top,dut.fd_tmr_mismatch,tmr_voter_logic,runtime,until_detected,0,detected,fd_tmr_mismatch,-1
L0006_000,top,dut.safety_island_fault_detect,tmr_voter_logic,runtime,until_detected,0,detected,safety_island_fault_detect,-1
L0007_000,top,dut.sifd_tmr_mismatch,tmr_voter_logic,runtime,until_detected,0,detected,sifd_tmr_mismatch,-1
L0008_000,top,dut.safety_island_latent_fault_detect,fault_detect_logic,runtime,until_detected,0,detected,safety_island_latent_fault_detect,-1
L0009_000,top,dut.fault_or_result[*],fault_detect_logic,runtime,until_detected,0,detected,fault_or_result,-1
L0010_000,top,dut.core_error_code[*],fault_detect_logic,runtime,until_detected,0,detected,core_error_code,-1
L0011_000,top,dut.core_read_accept[mi],comb_logic,runtime,until_detected,0,detected,core_read_accept,-1
L0012_000,top,dut.core_read_done[mi],comb_logic,runtime,until_detected,0,detected,core_read_done,-1
L0013_000,top,dut.core_resp_error[mi],fault_detect_logic,runtime,until_detected,0,detected,core_resp_error,-1
L0014_000,top,dut.core_timeout[mi],fault_detect_logic,runtime,until_detected,0,detected,core_timeout,-1
L0015_000,top,dut.core_read_data_flat[mi*DATA_W +: DATA_W],comb_logic,runtime,until_detected,0,detected,core_read_data_flat,-1
L0016_000,top,dut.m_axi_awid_flat[mi*ID_W +: ID_W],comb_logic,runtime,until_detected,0,detected,m_axi_awid_flat,-1
L0017_000,top,dut.m_axi_awaddr_flat[mi*ADDR_W +: ADDR_W],axi_decode_logic,runtime,until_detected,0,detected,m_axi_awaddr_flat,-1
L0018_000,top,dut.m_axi_awlen_flat[mi*8 +: 8],axi_decode_logic,runtime,until_detected,0,detected,m_axi_awlen_flat,-1
L0019_000,top,dut.m_axi_awsize_flat[mi*3 +: 3],comb_logic,runtime,until_detected,0,detected,m_axi_awsize_flat,-1
L0020_000,top,dut.m_axi_awburst_flat[mi*2 +: 2],axi_decode_logic,runtime,until_detected,0,detected,m_axi_awburst_flat,-1
L0021_000,top,dut.m_axi_awlock_flat[mi],comb_logic,runtime,until_detected,0,detected,m_axi_awlock_flat,-1
L0022_000,top,dut.m_axi_awcache_flat[mi*4 +: 4],comb_logic,runtime,until_detected,0,detected,m_axi_awcache_flat,-1
L0023_000,top,dut.m_axi_awprot_flat[mi*3 +: 3],comb_logic,runtime,until_detected,0,detected,m_axi_awprot_flat,-1
L0024_000,top,dut.m_axi_awqos_flat[mi*4 +: 4],comb_logic,runtime,until_detected,0,detected,m_axi_awqos_flat,-1
L0025_000,top,dut.m_axi_awvalid_flat[mi],axi_handshake_logic,runtime,until_detected,0,detected,m_axi_awvalid_flat,-1
L0026_000,top,dut.m_axi_wdata_flat[mi*DATA_W +: DATA_W],comb_logic,runtime,until_detected,0,detected,m_axi_wdata_flat,-1
L0027_000,top,dut.m_axi_wstrb_flat[mi*(DATA_W/8) +: (DATA_W/8)],comb_logic,runtime,until_detected,0,detected,m_axi_wstrb_flat,-1
L0028_000,top,dut.m_axi_wlast_flat[mi],comb_logic,runtime,until_detected,0,detected,m_axi_wlast_flat,-1
L0029_000,top,dut.m_axi_wvalid_flat[mi],axi_handshake_logic,runtime,until_detected,0,detected,m_axi_wvalid_flat,-1
L0030_000,top,dut.m_axi_bready_flat[mi],axi_handshake_logic,runtime,until_detected,0,detected,m_axi_bready_flat,-1
L0031_000,config_slave,dut.u_cfg.cfg_locked_r,tmr_voter_logic,post_config,until_detected,0,detected,cfg_locked_r,-1
L0032_000,config_slave,dut.u_cfg.cfg_illegal_r,tmr_voter_logic,post_config,until_detected,0,detected,cfg_illegal_r,-1
L0033_000,config_slave,dut.u_cfg.enable_tmr_mismatch,tmr_voter_logic,post_config,until_detected,0,detected,enable_tmr_mismatch,-1
L0034_000,config_slave,dut.u_cfg.cfg_locked_tmr_mismatch,tmr_voter_logic,post_config,until_detected,0,detected,cfg_locked_tmr_mismatch,-1
L0035_000,config_slave,dut.u_cfg.cfg_illegal_tmr_mismatch,tmr_voter_logic,post_config,until_detected,0,detected,cfg_illegal_tmr_mismatch,-1
L0036_000,config_slave,dut.u_cfg.cfg_valid,axi_handshake_logic,post_config,until_detected,0,detected,cfg_valid,-1
L0037_000,config_slave,dut.u_cfg.cfg_locked,comb_logic,post_config,until_detected,0,detected,cfg_locked,-1
L0038_000,config_slave,dut.u_cfg.cfg_illegal,comb_logic,post_config,until_detected,0,detected,cfg_illegal,-1
L0039_000,config_slave,dut.u_cfg.shadow_error_comb,fault_detect_logic,post_config,until_detected,0,detected,shadow_error_comb,-1
L0040_000,config_slave,dut.u_cfg.cfg_shadow_error,fault_detect_logic,post_config,until_detected,0,detected,cfg_shadow_error,-1
L0041_000,config_slave,dut.u_cfg.aw_fire,axi_handshake_logic,post_config,until_detected,0,detected,aw_fire,-1
L0042_000,config_slave,dut.u_cfg.w_fire,axi_handshake_logic,post_config,until_detected,0,detected,w_fire,-1
L0043_000,config_slave,dut.u_cfg.ar_fire,axi_handshake_logic,post_config,until_detected,0,detected,ar_fire,-1
L0044_000,config_slave,dut.u_cfg.write_ready_comb,axi_handshake_logic,post_config,until_detected,0,detected,write_ready_comb,-1
L0045_000,config_slave,dut.u_cfg.write_addr_comb[*],axi_decode_logic,post_config,until_detected,0,detected,write_addr_comb,-1
L0046_000,config_slave,dut.u_cfg.write_id_comb[*],comb_logic,post_config,until_detected,0,detected,write_id_comb,-1
L0047_000,config_slave,dut.u_cfg.write_len_comb[*],axi_decode_logic,post_config,until_detected,0,detected,write_len_comb,-1
L0048_000,config_slave,dut.u_cfg.write_size_comb[*],comb_logic,post_config,until_detected,0,detected,write_size_comb,-1
L0049_000,config_slave,dut.u_cfg.write_burst_comb[*],axi_decode_logic,post_config,until_detected,0,detected,write_burst_comb,-1
L0050_000,config_slave,dut.u_cfg.write_data_comb[*],comb_logic,post_config,until_detected,0,detected,write_data_comb,-1
L0051_000,config_slave,dut.u_cfg.write_strb_comb[*],comb_logic,post_config,until_detected,0,detected,write_strb_comb,-1
L0052_000,config_slave,dut.u_cfg.write_last_comb,comb_logic,post_config,until_detected,0,detected,write_last_comb,-1
L0053_000,config_slave,dut.u_cfg.mask_flat[*],comb_logic,post_config,until_detected,0,detected,mask_flat,-1
L0054_000,config_slave,dut.u_cfg.burst_type_flat[*],axi_decode_logic,post_config,until_detected,0,detected,burst_type_flat,-1
L0055_000,config_slave,dut.u_cfg.burst_len_flat[*],axi_decode_logic,post_config,until_detected,0,detected,burst_len_flat,-1
L0056_000,config_slave,dut.u_cfg.entry_valid_flat[*],axi_handshake_logic,post_config,until_detected,0,detected,entry_valid_flat,-1
L0057_000,config_slave,dut.u_cfg.expected_flat[*],comb_logic,post_config,until_detected,0,detected,expected_flat,-1
L0058_000,config_slave,dut.u_cfg.kat_enable_out,comb_logic,post_config,until_detected,0,detected,kat_enable_out,-1
L0059_000,config_slave,dut.u_cfg.kat_addr_out[*],axi_decode_logic,post_config,until_detected,0,detected,kat_addr_out,-1
L0060_000,config_slave,dut.u_cfg.kat_expected_out[*],comb_logic,post_config,until_detected,0,detected,kat_expected_out,-1
L0061_000,config_slave,dut.u_cfg.kat_mask_out[*],comb_logic,post_config,until_detected,0,detected,kat_mask_out,-1
L0062_000,config_slave,dut.u_cfg.shadow_error_comb_a,tmr_voter_logic,post_config,until_detected,0,detected,shadow_error_comb_a,-1
L0063_000,config_slave,dut.u_cfg.shadow_error_comb_a,tmr_voter_logic,post_config,until_detected,0,detected,shadow_error_comb_a,-1
L0064_000,config_slave,dut.u_cfg.shadow_error_comb_b,tmr_voter_logic,post_config,until_detected,0,detected,shadow_error_comb_b,-1
L0065_000,config_slave,dut.u_cfg.shadow_error_comb_b,tmr_voter_logic,post_config,until_detected,0,detected,shadow_error_comb_b,-1
L0066_000,config_slave,dut.u_cfg.shadow_error_comb_c,tmr_voter_logic,post_config,until_detected,0,detected,shadow_error_comb_c,-1
L0067_000,config_slave,dut.u_cfg.shadow_error_comb_c,tmr_voter_logic,post_config,until_detected,0,detected,shadow_error_comb_c,-1
L0068_000,config_slave,dut.u_cfg.read_data_comb[*],comb_logic,post_config,until_detected,0,detected,read_data_comb,-1
L0069_000,config_slave,dut.u_cfg.read_resp_comb[*],comb_logic,post_config,until_detected,0,detected,read_resp_comb,-1
L0070_000,config_slave,dut.u_cfg.read_resp_comb[*],comb_logic,post_config,until_detected,0,detected,read_resp_comb,-1
L0071_000,config_slave,dut.u_cfg.read_data_comb[*],comb_logic,post_config,until_detected,0,detected,read_data_comb,-1
L0072_000,config_slave,dut.u_cfg.read_data_comb[*],comb_logic,post_config,until_detected,0,detected,read_data_comb,-1
L0073_000,config_slave,dut.u_cfg.read_data_comb[*],comb_logic,post_config,until_detected,0,detected,read_data_comb,-1
L0074_000,config_slave,dut.u_cfg.read_data_comb[*],comb_logic,post_config,until_detected,0,detected,read_data_comb,-1
L0075_000,config_slave,dut.u_cfg.read_data_comb[*],fault_detect_logic,post_config,until_detected,0,detected,read_data_comb,-1
L0076_000,config_slave,dut.u_cfg.read_data_comb[*],fault_detect_logic,post_config,until_detected,0,detected,read_data_comb,-1
L0077_000,config_slave,dut.u_cfg.read_data_comb[*],fault_detect_logic,post_config,until_detected,0,detected,read_data_comb,-1
L0078_000,config_slave,dut.u_cfg.read_data_comb[*],fault_detect_logic,post_config,until_detected,0,detected,read_data_comb,-1
L0079_000,config_slave,dut.u_cfg.read_data_comb[*],fault_detect_logic,post_config,until_detected,0,detected,read_data_comb,-1
L0080_000,config_slave,dut.u_cfg.read_data_comb[*],fault_detect_logic,post_config,until_detected,0,detected,read_data_comb,-1
L0081_000,config_slave,dut.u_cfg.read_data_comb[*],fault_detect_logic,post_config,until_detected,0,detected,read_data_comb,-1
L0082_000,config_slave,dut.u_cfg.read_data_comb[*],comb_logic,post_config,until_detected,0,detected,read_data_comb,-1
L0083_000,config_slave,dut.u_cfg.read_data_comb[*],comb_logic,post_config,until_detected,0,detected,read_data_comb,-1
L0084_000,config_slave,dut.u_cfg.read_data_comb[*],comb_logic,post_config,until_detected,0,detected,read_data_comb,-1
L0085_000,config_slave,dut.u_cfg.read_data_comb[*],comb_logic,post_config,until_detected,0,detected,read_data_comb,-1
L0086_000,config_slave,dut.u_cfg.read_data_comb[*],comb_logic,post_config,until_detected,0,detected,read_data_comb,-1
L0087_000,config_slave,dut.u_cfg.read_data_comb[*],comb_logic,post_config,until_detected,0,detected,read_data_comb,-1
L0088_000,config_slave,dut.u_cfg.read_data_comb[*],comb_logic,post_config,until_detected,0,detected,read_data_comb,-1
L0089_000,config_slave,dut.u_cfg.read_data_comb[*],comb_logic,post_config,until_detected,0,detected,read_data_comb,-1
L0090_000,config_slave,dut.u_cfg.read_data_comb[*],comb_logic,post_config,until_detected,0,detected,read_data_comb,-1
L0091_000,config_slave,dut.u_cfg.read_data_comb[*],comb_logic,post_config,until_detected,0,detected,read_data_comb,-1
L0092_000,config_slave,dut.u_cfg.read_data_comb[*],comb_logic,post_config,until_detected,0,detected,read_data_comb,-1
L0093_000,core_logic,dut.u_core.state[*],tmr_voter_logic,scan_active,until_detected,0,detected,state,-1
L0094_000,core_logic,dut.u_core.state_tmr_mismatch,tmr_voter_logic,scan_active,until_detected,0,detected,state_tmr_mismatch,-1
L0095_000,core_logic,dut.u_core.safety_fault_q,tmr_voter_logic,scan_active,until_detected,0,detected,safety_fault_q,-1
L0096_000,core_logic,dut.u_core.safety_fault_q_tmr_mismatch,tmr_voter_logic,scan_active,until_detected,0,detected,safety_fault_q_tmr_mismatch,-1
L0097_000,core_logic,dut.u_core.safety_error_code_q[*],tmr_voter_logic,scan_active,until_detected,0,detected,safety_error_code_q,-1
L0098_000,core_logic,dut.u_core.safety_error_code_tmr_mismatch,tmr_voter_logic,scan_active,until_detected,0,detected,safety_error_code_tmr_mismatch,-1
L0099_000,core_logic,dut.u_core.current_base_addr[*],axi_decode_logic,scan_active,until_detected,0,detected,current_base_addr,-1
L0100_000,core_logic,dut.u_core.current_offset[*],comb_logic,scan_active,until_detected,0,detected,current_offset,-1
L0101_000,core_logic,dut.u_core.current_read_addr[*],axi_decode_logic,scan_active,until_detected,0,detected,current_read_addr,-1
L0102_000,core_logic,dut.u_core.current_mask[*],comb_logic,scan_active,until_detected,0,detected,current_mask,-1
L0103_000,core_logic,dut.u_core.current_expected[*],comb_logic,scan_active,until_detected,0,detected,current_expected,-1
L0104_000,core_logic,dut.u_core.current_burst_type[*],axi_decode_logic,scan_active,until_detected,0,detected,current_burst_type,-1
L0105_000,core_logic,dut.u_core.current_burst_len[*],axi_decode_logic,scan_active,until_detected,0,detected,current_burst_len,-1
L0106_000,core_logic,dut.u_core.current_entry_valid,axi_handshake_logic,scan_active,until_detected,0,detected,current_entry_valid,-1
L0107_000,core_logic,dut.u_core.current_burst_type_legal,axi_decode_logic,scan_active,until_detected,0,detected,current_burst_type_legal,-1
L0108_000,core_logic,dut.u_core.current_burst_len_legal,axi_decode_logic,scan_active,until_detected,0,detected,current_burst_len_legal,-1
L0109_000,core_logic,dut.u_core.current_burst_cfg_legal,axi_decode_logic,scan_active,until_detected,0,detected,current_burst_cfg_legal,-1
L0110_000,core_logic,dut.u_core.at_last_master,comb_logic,scan_active,until_detected,0,detected,at_last_master,-1
L0111_000,core_logic,dut.u_core.at_last_entry,comb_logic,scan_active,until_detected,0,detected,at_last_entry,-1
L0112_000,core_logic,dut.u_core.cfg_parameter_fault_comb,fault_detect_logic,scan_active,until_detected,0,detected,cfg_parameter_fault_comb,-1
L0113_000,core_logic,dut.u_core.cfg_interval_fault_comb,fault_detect_logic,scan_active,until_detected,0,detected,cfg_interval_fault_comb,-1
L0114_000,core_logic,dut.u_core.cfg_table_fault_comb,fault_detect_logic,scan_active,until_detected,0,detected,cfg_table_fault_comb,-1
L0115_000,core_logic,dut.u_core.cfg_fault_comb_a,tmr_voter_logic,scan_active,until_detected,0,detected,cfg_fault_comb_a,-1
L0116_000,core_logic,dut.u_core.cfg_fault_comb_b,tmr_voter_logic,scan_active,until_detected,0,detected,cfg_fault_comb_b,-1
L0117_000,core_logic,dut.u_core.cfg_fault_comb_c,tmr_voter_logic,scan_active,until_detected,0,detected,cfg_fault_comb_c,-1
L0118_000,core_logic,dut.u_core.cfg_fault_comb,fault_detect_logic,scan_active,until_detected,0,detected,cfg_fault_comb,-1
L0119_000,core_logic,dut.u_core.cfg_operational,fault_detect_logic,scan_active,until_detected,0,detected,cfg_operational,-1
L0120_000,core_logic,dut.u_core.cfg_fault_comb_out,fault_detect_logic,scan_active,until_detected,0,detected,cfg_fault_comb_out,-1
L0121_000,core_logic,dut.u_core.cfg_illegal_out,fault_detect_logic,scan_active,until_detected,0,detected,cfg_illegal_out,-1
L0122_000,core_logic,dut.u_core.cfg_shadow_error_out,fault_detect_logic,scan_active,until_detected,0,detected,cfg_shadow_error_out,-1
L0123_000,core_logic,dut.u_core.cfg_interval_fault_out,fault_detect_logic,scan_active,until_detected,0,detected,cfg_interval_fault_out,-1
L0124_000,core_logic,dut.u_core.response_master_idx[*],comb_logic,scan_active,until_detected,0,detected,response_master_idx,-1
L0125_000,core_logic,dut.u_core.response_entry_idx[*],comb_logic,scan_active,until_detected,0,detected,response_entry_idx,-1
L0126_000,core_logic,dut.u_core.response_master_in_range,comb_logic,scan_active,until_detected,0,detected,response_master_in_range,-1
L0127_000,core_logic,dut.u_core.response_fifo_valid,axi_handshake_logic,scan_active,until_detected,0,detected,response_fifo_valid,-1
L0128_000,core_logic,dut.u_core.response_done_flag,comb_logic,scan_active,until_detected,0,detected,response_done_flag,-1
L0129_000,core_logic,dut.u_core.response_error_flag,fault_detect_logic,scan_active,until_detected,0,detected,response_error_flag,-1
L0130_000,core_logic,dut.u_core.response_timeout_flag,fault_detect_logic,scan_active,until_detected,0,detected,response_timeout_flag,-1
L0131_000,core_logic,dut.u_core.response_seen_comb,fault_detect_logic,scan_active,until_detected,0,detected,response_seen_comb,-1
L0132_000,core_logic,dut.u_core.current_read_accept,comb_logic,scan_active,until_detected,0,detected,current_read_accept,-1
L0133_000,core_logic,dut.u_core.current_read_req_active,comb_logic,scan_active,until_detected,0,detected,current_read_req_active,-1
L0134_000,core_logic,dut.u_core.request_handshake_comb,comb_logic,scan_active,until_detected,0,detected,request_handshake_comb,-1
L0135_000,core_logic,dut.u_core.issue_slot_available,comb_logic,scan_active,until_detected,0,detected,issue_slot_available,-1
L0136_000,core_logic,dut.u_core.push_request_comb,fault_detect_logic,scan_active,until_detected,0,detected,push_request_comb,-1
L0137_000,core_logic,dut.u_core.pop_response_comb,comb_logic,scan_active,until_detected,0,detected,pop_response_comb,-1
L0138_000,core_logic,dut.u_core.fsm_state_legal_comb,comb_logic,scan_active,until_detected,0,detected,fsm_state_legal_comb,-1
L0139_000,core_logic,dut.u_core.fsm_state_illegal_comb,comb_logic,scan_active,until_detected,0,detected,fsm_state_illegal_comb,-1
L0140_000,core_logic,dut.u_core.state_inv_mismatch_comb,tmr_voter_logic,scan_active,until_detected,0,detected,state_inv_mismatch_comb,-1
L0141_000,core_logic,dut.u_core.current_index_fault_comb,fault_detect_logic,scan_active,until_detected,0,detected,current_index_fault_comb,-1
L0142_000,core_logic,dut.u_core.pending_index_fault_comb,fault_detect_logic,scan_active,until_detected,0,detected,pending_index_fault_comb,-1
L0143_000,core_logic,dut.u_core.pending_ptr_fault_comb,fault_detect_logic,scan_active,until_detected,0,detected,pending_ptr_fault_comb,-1
L0144_000,core_logic,dut.u_core.pending_valid_fault_comb,fault_detect_logic,scan_active,until_detected,0,detected,pending_valid_fault_comb,-1
L0145_000,core_logic,dut.u_core.accum_shadow_fault_comb,fault_detect_logic,scan_active,until_detected,0,detected,accum_shadow_fault_comb,-1
L0146_000,core_logic,dut.u_core.kat_fail_comb,fault_detect_logic,scan_active,until_detected,0,detected,kat_fail_comb,-1
L0147_000,core_logic,dut.u_core.outstanding_fault_comb,fault_detect_logic,scan_active,until_detected,0,detected,outstanding_fault_comb,-1
L0148_000,core_logic,dut.u_core.safety_fault_latched_comb,fault_detect_logic,scan_active,until_detected,0,detected,safety_fault_latched_comb,-1
L0149_000,core_logic,dut.u_core.safety_fault_comb_a,tmr_voter_logic,scan_active,until_detected,0,detected,safety_fault_comb_a,-1
L0150_000,core_logic,dut.u_core.safety_fault_comb_b,tmr_voter_logic,scan_active,until_detected,0,detected,safety_fault_comb_b,-1
L0151_000,core_logic,dut.u_core.safety_fault_comb_c,tmr_voter_logic,scan_active,until_detected,0,detected,safety_fault_comb_c,-1
L0152_000,core_logic,dut.u_core.safety_fault_comb,fault_detect_logic,scan_active,until_detected,0,detected,safety_fault_comb,-1
L0153_000,core_logic,dut.u_core.safety_fault_stable_comb,fault_detect_logic,scan_active,until_detected,0,detected,safety_fault_stable_comb,-1
L0154_000,core_logic,dut.u_core.core_safety_fault,fault_detect_logic,scan_active,until_detected,0,detected,core_safety_fault,-1
L0155_000,core_logic,dut.u_core.core_safety_error_code[*],fault_detect_logic,scan_active,until_detected,0,detected,core_safety_error_code,-1
L0156_000,core_logic,dut.u_core.scan_once_re,comb_logic,scan_active,until_detected,0,detected,scan_once_re,-1
L0157_000,core_logic,dut.u_core.scan_once_req_comb,comb_logic,scan_active,until_detected,0,detected,scan_once_req_comb,-1
L0158_000,core_logic,dut.u_core.interval_expired_comb,comb_logic,scan_active,until_detected,0,detected,interval_expired_comb,-1
L0159_000,core_logic,dut.u_core.scan_start_comb,comb_logic,scan_active,until_detected,0,detected,scan_start_comb,-1
L0160_000,core_logic,dut.u_core.current_base_addr_dec[*],axi_decode_logic,scan_active,until_detected,0,detected,current_base_addr_dec,-1
L0161_000,core_logic,dut.u_core.current_offset_dec[*],comb_logic,scan_active,until_detected,0,detected,current_offset_dec,-1
L0162_000,core_logic,dut.u_core.current_mask_dec[*],comb_logic,scan_active,until_detected,0,detected,current_mask_dec,-1
L0163_000,core_logic,dut.u_core.current_expected_dec[*],comb_logic,scan_active,until_detected,0,detected,current_expected_dec,-1
L0164_000,core_logic,dut.u_core.current_burst_type_dec[*],axi_decode_logic,scan_active,until_detected,0,detected,current_burst_type_dec,-1
L0165_000,core_logic,dut.u_core.current_burst_len_dec[*],axi_decode_logic,scan_active,until_detected,0,detected,current_burst_len_dec,-1
L0166_000,core_logic,dut.u_core.current_entry_valid_dec,axi_handshake_logic,scan_active,until_detected,0,detected,current_entry_valid_dec,-1
L0167_000,core_logic,dut.u_core.current_mask_dec[*],comb_logic,scan_active,until_detected,0,detected,current_mask_dec,-1
L0168_000,core_logic,dut.u_core.current_expected_dec[*],comb_logic,scan_active,until_detected,0,detected,current_expected_dec,-1
L0169_000,core_logic,dut.u_core.current_burst_type_dec[*],axi_decode_logic,scan_active,until_detected,0,detected,current_burst_type_dec,-1
L0170_000,core_logic,dut.u_core.current_burst_len_dec[*],axi_decode_logic,scan_active,until_detected,0,detected,current_burst_len_dec,-1
L0171_000,core_logic,dut.u_core.current_entry_valid_dec,axi_handshake_logic,scan_active,until_detected,0,detected,current_entry_valid_dec,-1
L0172_000,core_logic,dut.u_core.cfg_burst_type_fault_comb,fault_detect_logic,scan_active,until_detected,0,detected,cfg_burst_type_fault_comb,-1
L0173_000,core_logic,dut.u_core.cfg_burst_len_fault_comb,fault_detect_logic,scan_active,until_detected,0,detected,cfg_burst_len_fault_comb,-1
L0174_000,core_logic,dut.u_core.cfg_burst_len_fault_comb,fault_detect_logic,scan_active,until_detected,0,detected,cfg_burst_len_fault_comb,-1
L0175_000,core_logic,dut.u_core.cfg_error_code_comb[*],fault_detect_logic,scan_active,until_detected,0,detected,cfg_error_code_comb,-1
L0176_000,core_logic,dut.u_core.cfg_error_code_comb[*],fault_detect_logic,scan_active,until_detected,0,detected,cfg_error_code_comb,-1
L0177_000,core_logic,dut.u_core.cfg_error_code_comb[*],fault_detect_logic,scan_active,until_detected,0,detected,cfg_error_code_comb,-1
L0178_000,core_logic,dut.u_core.cfg_error_code_comb[*],fault_detect_logic,scan_active,until_detected,0,detected,cfg_error_code_comb,-1
L0179_000,core_logic,dut.u_core.cfg_error_code_comb[*],fault_detect_logic,scan_active,until_detected,0,detected,cfg_error_code_comb,-1
L0180_000,core_logic,dut.u_core.cfg_error_code_comb[*],fault_detect_logic,scan_active,until_detected,0,detected,cfg_error_code_comb,-1
L0181_000,core_logic,dut.u_core.cfg_error_code_comb[*],fault_detect_logic,scan_active,until_detected,0,detected,cfg_error_code_comb,-1
L0182_000,core_logic,dut.u_core.response_done_flag_dec,comb_logic,scan_active,until_detected,0,detected,response_done_flag_dec,-1
L0183_000,core_logic,dut.u_core.response_error_flag_dec,fault_detect_logic,scan_active,until_detected,0,detected,response_error_flag_dec,-1
L0184_000,core_logic,dut.u_core.response_timeout_flag_dec,fault_detect_logic,scan_active,until_detected,0,detected,response_timeout_flag_dec,-1
L0185_000,core_logic,dut.u_core.response_read_data_dec[*],comb_logic,scan_active,until_detected,0,detected,response_read_data_dec,-1
L0186_000,core_logic,dut.u_core.response_error_flag_dec,fault_detect_logic,scan_active,until_detected,0,detected,response_error_flag_dec,-1
L0187_000,core_logic,dut.u_core.response_timeout_flag_dec,fault_detect_logic,scan_active,until_detected,0,detected,response_timeout_flag_dec,-1
L0188_000,core_logic,dut.u_core.response_read_data_dec[*],comb_logic,scan_active,until_detected,0,detected,response_read_data_dec,-1
L0189_000,core_logic,dut.u_core.safety_error_code_comb[*],fault_detect_logic,scan_active,until_detected,0,detected,safety_error_code_comb,-1
L0190_000,core_logic,dut.u_core.safety_error_code_comb[*],fault_detect_logic,scan_active,until_detected,0,detected,safety_error_code_comb,-1
L0191_000,core_logic,dut.u_core.safety_error_code_comb[*],fault_detect_logic,scan_active,until_detected,0,detected,safety_error_code_comb,-1
L0192_000,core_logic,dut.u_core.safety_error_code_comb[*],fault_detect_logic,scan_active,until_detected,0,detected,safety_error_code_comb,-1
L0193_000,core_logic,dut.u_core.safety_error_code_comb[*],fault_detect_logic,scan_active,until_detected,0,detected,safety_error_code_comb,-1
L0194_000,core_logic,dut.u_core.safety_error_code_comb[*],fault_detect_logic,scan_active,until_detected,0,detected,safety_error_code_comb,-1
L0195_000,core_logic,dut.u_core.safety_error_code_comb[*],fault_detect_logic,scan_active,until_detected,0,detected,safety_error_code_comb,-1
L0196_000,core_logic,dut.u_core.safety_error_code_comb[*],fault_detect_logic,scan_active,until_detected,0,detected,safety_error_code_comb,-1
L0197_000,core_logic,dut.u_core.state_next[*],comb_logic,scan_active,until_detected,0,detected,state_next,-1
L0198_000,core_logic,dut.u_core.state_next[*],comb_logic,scan_active,until_detected,0,detected,state_next,-1
L0199_000,core_logic,dut.u_core.state_next[*],comb_logic,scan_active,until_detected,0,detected,state_next,-1
L0200_000,core_logic,dut.u_core.state_next[*],comb_logic,scan_active,until_detected,0,detected,state_next,-1
L0201_000,core_logic,dut.u_core.state_next[*],comb_logic,scan_active,until_detected,0,detected,state_next,-1
L0202_000,core_logic,dut.u_core.state_next[*],comb_logic,scan_active,until_detected,0,detected,state_next,-1
L0203_000,core_logic,dut.u_core.state_next[*],comb_logic,scan_active,until_detected,0,detected,state_next,-1
L0204_000,core_logic,dut.u_core.state_next[*],comb_logic,scan_active,until_detected,0,detected,state_next,-1
L0205_000,core_logic,dut.u_core.state_next[*],comb_logic,scan_active,until_detected,0,detected,state_next,-1
L0206_000,core_logic,dut.u_core.state_next[*],comb_logic,scan_active,until_detected,0,detected,state_next,-1
L0207_000,core_logic,dut.u_core.state_next[*],comb_logic,scan_active,until_detected,0,detected,state_next,-1
L0208_000,core_logic,dut.u_core.state_next[*],comb_logic,scan_active,until_detected,0,detected,state_next,-1
L0209_000,core_logic,dut.u_core.state_next[*],comb_logic,scan_active,until_detected,0,detected,state_next,-1
L0210_000,core_logic,dut.u_core.state_next[*],comb_logic,scan_active,until_detected,0,detected,state_next,-1
L0211_000,core_logic,dut.u_core.scan_busy_next_comb,comb_logic,scan_active,until_detected,0,detected,scan_busy_next_comb,-1
L0212_000,core_logic,dut.u_core.scan_busy_next_comb,comb_logic,scan_active,until_detected,0,detected,scan_busy_next_comb,-1
L0213_000,fault_detector,dut.u_fault_detector.resp_masked_data[*],comb_logic,fault_check,until_detected,0,detected,resp_masked_data,-1
L0214_000,fault_detector,dut.u_fault_detector.resp_masked_expected[*],comb_logic,fault_check,until_detected,0,detected,resp_masked_expected,-1
L0215_000,fault_detector,dut.u_fault_detector.resp_masked_mismatch,tmr_voter_logic,fault_check,until_detected,0,detected,resp_masked_mismatch,-1
L0216_000,fault_detector,dut.u_fault_detector.resp_master_in_range,comb_logic,fault_check,until_detected,0,detected,resp_master_in_range,-1
L0217_000,fault_detector,dut.u_fault_detector.fault_detect,fault_detect_logic,fault_check,until_detected,0,detected,fault_detect,-1
L0218_000,fault_detector,dut.u_fault_detector.event_shadow_fault,fault_detect_logic,fault_check,until_detected,0,detected,event_shadow_fault,-1
L0219_000,heartbeat,dut.u_heartbeat.heartbeat_internal_fault,fault_detect_logic,heartbeat_check,until_detected,0,detected,heartbeat_internal_fault,-1
L0220_000,axi_read_engine,dut.gen_read_master[0].u_read_engine.m_axi_arlock,comb_logic,read_active,until_detected,0,detected,m_axi_arlock,-1
L0221_000,axi_read_engine,dut.gen_read_master[0].u_read_engine.m_axi_arcache[*],comb_logic,read_active,until_detected,0,detected,m_axi_arcache,-1
L0222_000,axi_read_engine,dut.gen_read_master[0].u_read_engine.m_axi_arprot[*],comb_logic,read_active,until_detected,0,detected,m_axi_arprot,-1
L0223_000,axi_read_engine,dut.gen_read_master[0].u_read_engine.m_axi_arqos[*],comb_logic,read_active,until_detected,0,detected,m_axi_arqos,-1
L0224_000,axi_read_engine,dut.gen_read_master[0].u_read_engine.ar_payload[*],comb_logic,read_active,until_detected,0,detected,ar_payload,-1
L0225_000,axi_read_engine,dut.gen_read_master[0].u_read_engine.ar_signature[*],crc_check_logic,read_active,until_detected,0,detected,ar_signature,-1
L0226_000,axi_read_engine,dut.gen_read_master[0].u_read_engine.ar_signature_dup[*],crc_check_logic,read_active,until_detected,0,detected,ar_signature_dup,-1
L0227_000,axi_read_engine,dut.gen_read_master[0].u_read_engine.ar_signature_triple[*],crc_check_logic,read_active,until_detected,0,detected,ar_signature_triple,-1
L0228_000,axi_read_engine,dut.gen_read_master[0].u_read_engine.ar_fire,axi_handshake_logic,read_active,until_detected,0,detected,ar_fire,-1
L0229_000,axi_read_engine,dut.gen_read_master[0].u_read_engine.r_fire,axi_handshake_logic,read_active,until_detected,0,detected,r_fire,-1
L0230_000,axi_read_engine,dut.gen_read_master[0].u_read_engine.request_fire,axi_handshake_logic,read_active,until_detected,0,detected,request_fire,-1
L0231_000,axi_read_engine,dut.gen_read_master[0].u_read_engine.id_capacity_ok,comb_logic,read_active,until_detected,0,detected,id_capacity_ok,-1
L0232_000,axi_read_engine,dut.gen_read_master[0].u_read_engine.cmd_ready,axi_handshake_logic,read_active,until_detected,0,detected,cmd_ready,-1
L0233_000,axi_read_engine,dut.gen_read_master[0].u_read_engine.m_axi_rready,axi_handshake_logic,read_active,until_detected,0,detected,m_axi_rready,-1
L0234_000,axi_read_engine,dut.gen_read_master[0].u_read_engine.ptr_shadow_error_comb,fault_detect_logic,read_active,until_detected,0,detected,ptr_shadow_error_comb,-1
L0235_000,axi_read_engine,dut.gen_read_master[0].u_read_engine.output_shadow_error_comb,fault_detect_logic,read_active,until_detected,0,detected,output_shadow_error_comb,-1
L0236_000,axi_read_engine,dut.gen_read_master[0].u_read_engine.crc_calc_mismatch_a,tmr_voter_logic,read_active,until_detected,0,detected,crc_calc_mismatch_a,-1
L0237_000,axi_read_engine,dut.gen_read_master[0].u_read_engine.crc_calc_mismatch_b,tmr_voter_logic,read_active,until_detected,0,detected,crc_calc_mismatch_b,-1
L0238_000,axi_read_engine,dut.gen_read_master[0].u_read_engine.crc_calc_mismatch_c,tmr_voter_logic,read_active,until_detected,0,detected,crc_calc_mismatch_c,-1
L0239_000,axi_read_engine,dut.gen_read_master[0].u_read_engine.crc_calc_mismatch_comb,tmr_voter_logic,read_active,until_detected,0,detected,crc_calc_mismatch_comb,-1
L0240_000,axi_read_engine,dut.gen_read_master[0].u_read_engine.internal_safety_fault,crc_check_logic,read_active,until_detected,0,detected,internal_safety_fault,-1
L0241_000,axi_read_engine,dut.gen_read_master[0].u_read_engine.slot_shadow_error_comb,fault_detect_logic,read_active,until_detected,0,detected,slot_shadow_error_comb,-1
L0242_000,axi_read_engine,dut.gen_read_master[0].u_read_engine.fault_i[*],fault_detect_logic,read_active,until_detected,0,detected,fault_i,-1
L0243_000,axi_read_engine,dut.gen_read_master[0].u_read_engine.fault_i[*],fault_detect_logic,read_active,until_detected,0,detected,fault_i,-1
L0244_000,axi_read_engine,dut.gen_read_master[0].u_read_engine.rid_match_found,comb_logic,read_active,until_detected,0,detected,rid_match_found,-1
L0245_000,axi_read_engine,dut.gen_read_master[0].u_read_engine.rid_match_idx[*],comb_logic,read_active,until_detected,0,detected,rid_match_idx,-1
L0246_000,axi_read_engine,dut.gen_read_master[0].u_read_engine.scan_i[*],comb_logic,read_active,until_detected,0,detected,scan_i,-1
L0247_000,axi_read_engine,dut.gen_read_master[0].u_read_engine.scan_i[*],comb_logic,read_active,until_detected,0,detected,scan_i,-1
L0248_000,axi_read_engine,dut.gen_read_master[0].u_read_engine.rid_match_idx[*],comb_logic,read_active,until_detected,0,detected,rid_match_idx,-1
L0249_000,axi_read_engine,dut.gen_read_master[0].u_read_engine.r_accum_next[*],comb_logic,read_active,until_detected,0,detected,r_accum_next,-1
L0250_000,axi_read_engine,dut.gen_read_master[0].u_read_engine.r_error_next,fault_detect_logic,read_active,until_detected,0,detected,r_error_next,-1
L0251_000,axi_read_engine,dut.gen_read_master[0].u_read_engine.r_last_expected,comb_logic,read_active,until_detected,0,detected,r_last_expected,-1
L0252_000,axi_read_engine,dut.gen_read_master[0].u_read_engine.r_crc_expected[*],crc_check_logic,read_active,until_detected,0,detected,r_crc_expected,-1
L0253_000,axi_read_engine,dut.gen_read_master[0].u_read_engine.r_crc_expected_dup[*],crc_check_logic,read_active,until_detected,0,detected,r_crc_expected_dup,-1
L0254_000,axi_read_engine,dut.gen_read_master[0].u_read_engine.r_crc_expected_triple[*],crc_check_logic,read_active,until_detected,0,detected,r_crc_expected_triple,-1
L0255_000,axi_read_engine,dut.gen_read_master[0].u_read_engine.r_crc_expected[*],crc_check_logic,read_active,until_detected,0,detected,r_crc_expected,-1
L0256_000,axi_read_engine,dut.gen_read_master[0].u_read_engine.r_crc_expected_dup[*],crc_check_logic,read_active,until_detected,0,detected,r_crc_expected_dup,-1
L0257_000,axi_read_engine,dut.gen_read_master[0].u_read_engine.r_crc_expected_triple[*],crc_check_logic,read_active,until_detected,0,detected,r_crc_expected_triple,-1
L0258_000,axi_read_engine,dut.gen_read_master[0].u_read_engine.r_accum_next[*],comb_logic,read_active,until_detected,0,detected,r_accum_next,-1
L0259_000,axi_read_engine,dut.gen_read_master[0].u_read_engine.r_last_expected,comb_logic,read_active,until_detected,0,detected,r_last_expected,-1
L0260_000,axi_read_engine,dut.gen_read_master[0].u_read_engine.r_error_next,crc_check_logic,read_active,until_detected,0,detected,r_error_next,-1
L0261_000,top_rsp_fifo,dut.gen_read_master[0].datapath_safety_fault,fault_detect_logic,read_response,until_detected,0,detected,datapath_safety_fault,-1
L0262_000,top_rsp_fifo,dut.gen_read_master[0].rsp_fifo_safety_fault[mi],fault_detect_logic,read_response,until_detected,0,detected,rsp_fifo_safety_fault,-1
L0263_000,top_rsp_fifo,dut.gen_read_master[0].core_read_done[mi],rsp_fifo_comb_logic,read_response,until_detected,0,detected,core_read_done,-1
L0264_000,top_rsp_fifo,dut.gen_read_master[0].core_resp_error[mi],fault_detect_logic,read_response,until_detected,0,detected,core_resp_error,-1
L0265_000,top_rsp_fifo,dut.gen_read_master[0].core_timeout[mi],fault_detect_logic,read_response,until_detected,0,detected,core_timeout,-1
L0266_000,top_rsp_fifo,dut.gen_read_master[0].core_read_data_flat[mi*DATA_W +: DATA_W],rsp_fifo_comb_logic,read_response,until_detected,0,detected,core_read_data_flat,-1
L0267_000,top_rsp_fifo,dut.gen_read_master[0].rsp_fifo_shadow_error_comb,fault_detect_logic,read_response,until_detected,0,detected,rsp_fifo_shadow_error_comb,-1
L0268_000,axi_read_engine,dut.gen_read_master[1].u_read_engine.m_axi_arlock,comb_logic,read_active,until_detected,1,detected,m_axi_arlock,-1
L0269_000,axi_read_engine,dut.gen_read_master[1].u_read_engine.m_axi_arcache[*],comb_logic,read_active,until_detected,1,detected,m_axi_arcache,-1
L0270_000,axi_read_engine,dut.gen_read_master[1].u_read_engine.m_axi_arprot[*],comb_logic,read_active,until_detected,1,detected,m_axi_arprot,-1
L0271_000,axi_read_engine,dut.gen_read_master[1].u_read_engine.m_axi_arqos[*],comb_logic,read_active,until_detected,1,detected,m_axi_arqos,-1
L0272_000,axi_read_engine,dut.gen_read_master[1].u_read_engine.ar_payload[*],comb_logic,read_active,until_detected,1,detected,ar_payload,-1
L0273_000,axi_read_engine,dut.gen_read_master[1].u_read_engine.ar_signature[*],crc_check_logic,read_active,until_detected,1,detected,ar_signature,-1
L0274_000,axi_read_engine,dut.gen_read_master[1].u_read_engine.ar_signature_dup[*],crc_check_logic,read_active,until_detected,1,detected,ar_signature_dup,-1
L0275_000,axi_read_engine,dut.gen_read_master[1].u_read_engine.ar_signature_triple[*],crc_check_logic,read_active,until_detected,1,detected,ar_signature_triple,-1
L0276_000,axi_read_engine,dut.gen_read_master[1].u_read_engine.ar_fire,axi_handshake_logic,read_active,until_detected,1,detected,ar_fire,-1
L0277_000,axi_read_engine,dut.gen_read_master[1].u_read_engine.r_fire,axi_handshake_logic,read_active,until_detected,1,detected,r_fire,-1
L0278_000,axi_read_engine,dut.gen_read_master[1].u_read_engine.request_fire,axi_handshake_logic,read_active,until_detected,1,detected,request_fire,-1
L0279_000,axi_read_engine,dut.gen_read_master[1].u_read_engine.id_capacity_ok,comb_logic,read_active,until_detected,1,detected,id_capacity_ok,-1
L0280_000,axi_read_engine,dut.gen_read_master[1].u_read_engine.cmd_ready,axi_handshake_logic,read_active,until_detected,1,detected,cmd_ready,-1
L0281_000,axi_read_engine,dut.gen_read_master[1].u_read_engine.m_axi_rready,axi_handshake_logic,read_active,until_detected,1,detected,m_axi_rready,-1
L0282_000,axi_read_engine,dut.gen_read_master[1].u_read_engine.ptr_shadow_error_comb,fault_detect_logic,read_active,until_detected,1,detected,ptr_shadow_error_comb,-1
L0283_000,axi_read_engine,dut.gen_read_master[1].u_read_engine.output_shadow_error_comb,fault_detect_logic,read_active,until_detected,1,detected,output_shadow_error_comb,-1
L0284_000,axi_read_engine,dut.gen_read_master[1].u_read_engine.crc_calc_mismatch_a,tmr_voter_logic,read_active,until_detected,1,detected,crc_calc_mismatch_a,-1
L0285_000,axi_read_engine,dut.gen_read_master[1].u_read_engine.crc_calc_mismatch_b,tmr_voter_logic,read_active,until_detected,1,detected,crc_calc_mismatch_b,-1
L0286_000,axi_read_engine,dut.gen_read_master[1].u_read_engine.crc_calc_mismatch_c,tmr_voter_logic,read_active,until_detected,1,detected,crc_calc_mismatch_c,-1
L0287_000,axi_read_engine,dut.gen_read_master[1].u_read_engine.crc_calc_mismatch_comb,tmr_voter_logic,read_active,until_detected,1,detected,crc_calc_mismatch_comb,-1
L0288_000,axi_read_engine,dut.gen_read_master[1].u_read_engine.internal_safety_fault,crc_check_logic,read_active,until_detected,1,detected,internal_safety_fault,-1
L0289_000,axi_read_engine,dut.gen_read_master[1].u_read_engine.slot_shadow_error_comb,fault_detect_logic,read_active,until_detected,1,detected,slot_shadow_error_comb,-1
L0290_000,axi_read_engine,dut.gen_read_master[1].u_read_engine.fault_i[*],fault_detect_logic,read_active,until_detected,1,detected,fault_i,-1
L0291_000,axi_read_engine,dut.gen_read_master[1].u_read_engine.fault_i[*],fault_detect_logic,read_active,until_detected,1,detected,fault_i,-1
L0292_000,axi_read_engine,dut.gen_read_master[1].u_read_engine.rid_match_found,comb_logic,read_active,until_detected,1,detected,rid_match_found,-1
L0293_000,axi_read_engine,dut.gen_read_master[1].u_read_engine.rid_match_idx[*],comb_logic,read_active,until_detected,1,detected,rid_match_idx,-1
L0294_000,axi_read_engine,dut.gen_read_master[1].u_read_engine.scan_i[*],comb_logic,read_active,until_detected,1,detected,scan_i,-1
L0295_000,axi_read_engine,dut.gen_read_master[1].u_read_engine.scan_i[*],comb_logic,read_active,until_detected,1,detected,scan_i,-1
L0296_000,axi_read_engine,dut.gen_read_master[1].u_read_engine.rid_match_idx[*],comb_logic,read_active,until_detected,1,detected,rid_match_idx,-1
L0297_000,axi_read_engine,dut.gen_read_master[1].u_read_engine.r_accum_next[*],comb_logic,read_active,until_detected,1,detected,r_accum_next,-1
L0298_000,axi_read_engine,dut.gen_read_master[1].u_read_engine.r_error_next,fault_detect_logic,read_active,until_detected,1,detected,r_error_next,-1
L0299_000,axi_read_engine,dut.gen_read_master[1].u_read_engine.r_last_expected,comb_logic,read_active,until_detected,1,detected,r_last_expected,-1
L0300_000,axi_read_engine,dut.gen_read_master[1].u_read_engine.r_crc_expected[*],crc_check_logic,read_active,until_detected,1,detected,r_crc_expected,-1
L0301_000,axi_read_engine,dut.gen_read_master[1].u_read_engine.r_crc_expected_dup[*],crc_check_logic,read_active,until_detected,1,detected,r_crc_expected_dup,-1
L0302_000,axi_read_engine,dut.gen_read_master[1].u_read_engine.r_crc_expected_triple[*],crc_check_logic,read_active,until_detected,1,detected,r_crc_expected_triple,-1
L0303_000,axi_read_engine,dut.gen_read_master[1].u_read_engine.r_crc_expected[*],crc_check_logic,read_active,until_detected,1,detected,r_crc_expected,-1
L0304_000,axi_read_engine,dut.gen_read_master[1].u_read_engine.r_crc_expected_dup[*],crc_check_logic,read_active,until_detected,1,detected,r_crc_expected_dup,-1
L0305_000,axi_read_engine,dut.gen_read_master[1].u_read_engine.r_crc_expected_triple[*],crc_check_logic,read_active,until_detected,1,detected,r_crc_expected_triple,-1
L0306_000,axi_read_engine,dut.gen_read_master[1].u_read_engine.r_accum_next[*],comb_logic,read_active,until_detected,1,detected,r_accum_next,-1
L0307_000,axi_read_engine,dut.gen_read_master[1].u_read_engine.r_last_expected,comb_logic,read_active,until_detected,1,detected,r_last_expected,-1
L0308_000,axi_read_engine,dut.gen_read_master[1].u_read_engine.r_error_next,crc_check_logic,read_active,until_detected,1,detected,r_error_next,-1
L0309_000,top_rsp_fifo,dut.gen_read_master[1].datapath_safety_fault,fault_detect_logic,read_response,until_detected,1,detected,datapath_safety_fault,-1
L0310_000,top_rsp_fifo,dut.gen_read_master[1].rsp_fifo_safety_fault[mi],fault_detect_logic,read_response,until_detected,1,detected,rsp_fifo_safety_fault,-1
L0311_000,top_rsp_fifo,dut.gen_read_master[1].core_read_done[mi],rsp_fifo_comb_logic,read_response,until_detected,1,detected,core_read_done,-1
L0312_000,top_rsp_fifo,dut.gen_read_master[1].core_resp_error[mi],fault_detect_logic,read_response,until_detected,1,detected,core_resp_error,-1
L0313_000,top_rsp_fifo,dut.gen_read_master[1].core_timeout[mi],fault_detect_logic,read_response,until_detected,1,detected,core_timeout,-1
L0314_000,top_rsp_fifo,dut.gen_read_master[1].core_read_data_flat[mi*DATA_W +: DATA_W],rsp_fifo_comb_logic,read_response,until_detected,1,detected,core_read_data_flat,-1
L0315_000,top_rsp_fifo,dut.gen_read_master[1].rsp_fifo_shadow_error_comb,fault_detect_logic,read_response,until_detected,1,detected,rsp_fifo_shadow_error_comb,-1
L0316_000,axi_read_engine,dut.gen_read_master[2].u_read_engine.m_axi_arlock,comb_logic,read_active,until_detected,2,detected,m_axi_arlock,-1
L0317_000,axi_read_engine,dut.gen_read_master[2].u_read_engine.m_axi_arcache[*],comb_logic,read_active,until_detected,2,detected,m_axi_arcache,-1
L0318_000,axi_read_engine,dut.gen_read_master[2].u_read_engine.m_axi_arprot[*],comb_logic,read_active,until_detected,2,detected,m_axi_arprot,-1
L0319_000,axi_read_engine,dut.gen_read_master[2].u_read_engine.m_axi_arqos[*],comb_logic,read_active,until_detected,2,detected,m_axi_arqos,-1
L0320_000,axi_read_engine,dut.gen_read_master[2].u_read_engine.ar_payload[*],comb_logic,read_active,until_detected,2,detected,ar_payload,-1
L0321_000,axi_read_engine,dut.gen_read_master[2].u_read_engine.ar_signature[*],crc_check_logic,read_active,until_detected,2,detected,ar_signature,-1
L0322_000,axi_read_engine,dut.gen_read_master[2].u_read_engine.ar_signature_dup[*],crc_check_logic,read_active,until_detected,2,detected,ar_signature_dup,-1
L0323_000,axi_read_engine,dut.gen_read_master[2].u_read_engine.ar_signature_triple[*],crc_check_logic,read_active,until_detected,2,detected,ar_signature_triple,-1
L0324_000,axi_read_engine,dut.gen_read_master[2].u_read_engine.ar_fire,axi_handshake_logic,read_active,until_detected,2,detected,ar_fire,-1
L0325_000,axi_read_engine,dut.gen_read_master[2].u_read_engine.r_fire,axi_handshake_logic,read_active,until_detected,2,detected,r_fire,-1
L0326_000,axi_read_engine,dut.gen_read_master[2].u_read_engine.request_fire,axi_handshake_logic,read_active,until_detected,2,detected,request_fire,-1
L0327_000,axi_read_engine,dut.gen_read_master[2].u_read_engine.id_capacity_ok,comb_logic,read_active,until_detected,2,detected,id_capacity_ok,-1
L0328_000,axi_read_engine,dut.gen_read_master[2].u_read_engine.cmd_ready,axi_handshake_logic,read_active,until_detected,2,detected,cmd_ready,-1
L0329_000,axi_read_engine,dut.gen_read_master[2].u_read_engine.m_axi_rready,axi_handshake_logic,read_active,until_detected,2,detected,m_axi_rready,-1
L0330_000,axi_read_engine,dut.gen_read_master[2].u_read_engine.ptr_shadow_error_comb,fault_detect_logic,read_active,until_detected,2,detected,ptr_shadow_error_comb,-1
L0331_000,axi_read_engine,dut.gen_read_master[2].u_read_engine.output_shadow_error_comb,fault_detect_logic,read_active,until_detected,2,detected,output_shadow_error_comb,-1
L0332_000,axi_read_engine,dut.gen_read_master[2].u_read_engine.crc_calc_mismatch_a,tmr_voter_logic,read_active,until_detected,2,detected,crc_calc_mismatch_a,-1
L0333_000,axi_read_engine,dut.gen_read_master[2].u_read_engine.crc_calc_mismatch_b,tmr_voter_logic,read_active,until_detected,2,detected,crc_calc_mismatch_b,-1
L0334_000,axi_read_engine,dut.gen_read_master[2].u_read_engine.crc_calc_mismatch_c,tmr_voter_logic,read_active,until_detected,2,detected,crc_calc_mismatch_c,-1
L0335_000,axi_read_engine,dut.gen_read_master[2].u_read_engine.crc_calc_mismatch_comb,tmr_voter_logic,read_active,until_detected,2,detected,crc_calc_mismatch_comb,-1
L0336_000,axi_read_engine,dut.gen_read_master[2].u_read_engine.internal_safety_fault,crc_check_logic,read_active,until_detected,2,detected,internal_safety_fault,-1
L0337_000,axi_read_engine,dut.gen_read_master[2].u_read_engine.slot_shadow_error_comb,fault_detect_logic,read_active,until_detected,2,detected,slot_shadow_error_comb,-1
L0338_000,axi_read_engine,dut.gen_read_master[2].u_read_engine.fault_i[*],fault_detect_logic,read_active,until_detected,2,detected,fault_i,-1
L0339_000,axi_read_engine,dut.gen_read_master[2].u_read_engine.fault_i[*],fault_detect_logic,read_active,until_detected,2,detected,fault_i,-1
L0340_000,axi_read_engine,dut.gen_read_master[2].u_read_engine.rid_match_found,comb_logic,read_active,until_detected,2,detected,rid_match_found,-1
L0341_000,axi_read_engine,dut.gen_read_master[2].u_read_engine.rid_match_idx[*],comb_logic,read_active,until_detected,2,detected,rid_match_idx,-1
L0342_000,axi_read_engine,dut.gen_read_master[2].u_read_engine.scan_i[*],comb_logic,read_active,until_detected,2,detected,scan_i,-1
L0343_000,axi_read_engine,dut.gen_read_master[2].u_read_engine.scan_i[*],comb_logic,read_active,until_detected,2,detected,scan_i,-1
L0344_000,axi_read_engine,dut.gen_read_master[2].u_read_engine.rid_match_idx[*],comb_logic,read_active,until_detected,2,detected,rid_match_idx,-1
L0345_000,axi_read_engine,dut.gen_read_master[2].u_read_engine.r_accum_next[*],comb_logic,read_active,until_detected,2,detected,r_accum_next,-1
L0346_000,axi_read_engine,dut.gen_read_master[2].u_read_engine.r_error_next,fault_detect_logic,read_active,until_detected,2,detected,r_error_next,-1
L0347_000,axi_read_engine,dut.gen_read_master[2].u_read_engine.r_last_expected,comb_logic,read_active,until_detected,2,detected,r_last_expected,-1
L0348_000,axi_read_engine,dut.gen_read_master[2].u_read_engine.r_crc_expected[*],crc_check_logic,read_active,until_detected,2,detected,r_crc_expected,-1
L0349_000,axi_read_engine,dut.gen_read_master[2].u_read_engine.r_crc_expected_dup[*],crc_check_logic,read_active,until_detected,2,detected,r_crc_expected_dup,-1
L0350_000,axi_read_engine,dut.gen_read_master[2].u_read_engine.r_crc_expected_triple[*],crc_check_logic,read_active,until_detected,2,detected,r_crc_expected_triple,-1
L0351_000,axi_read_engine,dut.gen_read_master[2].u_read_engine.r_crc_expected[*],crc_check_logic,read_active,until_detected,2,detected,r_crc_expected,-1
L0352_000,axi_read_engine,dut.gen_read_master[2].u_read_engine.r_crc_expected_dup[*],crc_check_logic,read_active,until_detected,2,detected,r_crc_expected_dup,-1
L0353_000,axi_read_engine,dut.gen_read_master[2].u_read_engine.r_crc_expected_triple[*],crc_check_logic,read_active,until_detected,2,detected,r_crc_expected_triple,-1
L0354_000,axi_read_engine,dut.gen_read_master[2].u_read_engine.r_accum_next[*],comb_logic,read_active,until_detected,2,detected,r_accum_next,-1
L0355_000,axi_read_engine,dut.gen_read_master[2].u_read_engine.r_last_expected,comb_logic,read_active,until_detected,2,detected,r_last_expected,-1
L0356_000,axi_read_engine,dut.gen_read_master[2].u_read_engine.r_error_next,crc_check_logic,read_active,until_detected,2,detected,r_error_next,-1
L0357_000,top_rsp_fifo,dut.gen_read_master[2].datapath_safety_fault,fault_detect_logic,read_response,until_detected,2,detected,datapath_safety_fault,-1
L0358_000,top_rsp_fifo,dut.gen_read_master[2].rsp_fifo_safety_fault[mi],fault_detect_logic,read_response,until_detected,2,detected,rsp_fifo_safety_fault,-1
L0359_000,top_rsp_fifo,dut.gen_read_master[2].core_read_done[mi],rsp_fifo_comb_logic,read_response,until_detected,2,detected,core_read_done,-1
L0360_000,top_rsp_fifo,dut.gen_read_master[2].core_resp_error[mi],fault_detect_logic,read_response,until_detected,2,detected,core_resp_error,-1
L0361_000,top_rsp_fifo,dut.gen_read_master[2].core_timeout[mi],fault_detect_logic,read_response,until_detected,2,detected,core_timeout,-1
L0362_000,top_rsp_fifo,dut.gen_read_master[2].core_read_data_flat[mi*DATA_W +: DATA_W],rsp_fifo_comb_logic,read_response,until_detected,2,detected,core_read_data_flat,-1
L0363_000,top_rsp_fifo,dut.gen_read_master[2].rsp_fifo_shadow_error_comb,fault_detect_logic,read_response,until_detected,2,detected,rsp_fifo_shadow_error_comb,-1
L0364_000,axi_read_engine,dut.gen_read_master[3].u_read_engine.m_axi_arlock,comb_logic,read_active,until_detected,3,detected,m_axi_arlock,-1
L0365_000,axi_read_engine,dut.gen_read_master[3].u_read_engine.m_axi_arcache[*],comb_logic,read_active,until_detected,3,detected,m_axi_arcache,-1
L0366_000,axi_read_engine,dut.gen_read_master[3].u_read_engine.m_axi_arprot[*],comb_logic,read_active,until_detected,3,detected,m_axi_arprot,-1
L0367_000,axi_read_engine,dut.gen_read_master[3].u_read_engine.m_axi_arqos[*],comb_logic,read_active,until_detected,3,detected,m_axi_arqos,-1
L0368_000,axi_read_engine,dut.gen_read_master[3].u_read_engine.ar_payload[*],comb_logic,read_active,until_detected,3,detected,ar_payload,-1
L0369_000,axi_read_engine,dut.gen_read_master[3].u_read_engine.ar_signature[*],crc_check_logic,read_active,until_detected,3,detected,ar_signature,-1
L0370_000,axi_read_engine,dut.gen_read_master[3].u_read_engine.ar_signature_dup[*],crc_check_logic,read_active,until_detected,3,detected,ar_signature_dup,-1
L0371_000,axi_read_engine,dut.gen_read_master[3].u_read_engine.ar_signature_triple[*],crc_check_logic,read_active,until_detected,3,detected,ar_signature_triple,-1
L0372_000,axi_read_engine,dut.gen_read_master[3].u_read_engine.ar_fire,axi_handshake_logic,read_active,until_detected,3,detected,ar_fire,-1
L0373_000,axi_read_engine,dut.gen_read_master[3].u_read_engine.r_fire,axi_handshake_logic,read_active,until_detected,3,detected,r_fire,-1
L0374_000,axi_read_engine,dut.gen_read_master[3].u_read_engine.request_fire,axi_handshake_logic,read_active,until_detected,3,detected,request_fire,-1
L0375_000,axi_read_engine,dut.gen_read_master[3].u_read_engine.id_capacity_ok,comb_logic,read_active,until_detected,3,detected,id_capacity_ok,-1
L0376_000,axi_read_engine,dut.gen_read_master[3].u_read_engine.cmd_ready,axi_handshake_logic,read_active,until_detected,3,detected,cmd_ready,-1
L0377_000,axi_read_engine,dut.gen_read_master[3].u_read_engine.m_axi_rready,axi_handshake_logic,read_active,until_detected,3,detected,m_axi_rready,-1
L0378_000,axi_read_engine,dut.gen_read_master[3].u_read_engine.ptr_shadow_error_comb,fault_detect_logic,read_active,until_detected,3,detected,ptr_shadow_error_comb,-1
L0379_000,axi_read_engine,dut.gen_read_master[3].u_read_engine.output_shadow_error_comb,fault_detect_logic,read_active,until_detected,3,detected,output_shadow_error_comb,-1
L0380_000,axi_read_engine,dut.gen_read_master[3].u_read_engine.crc_calc_mismatch_a,tmr_voter_logic,read_active,until_detected,3,detected,crc_calc_mismatch_a,-1
L0381_000,axi_read_engine,dut.gen_read_master[3].u_read_engine.crc_calc_mismatch_b,tmr_voter_logic,read_active,until_detected,3,detected,crc_calc_mismatch_b,-1
L0382_000,axi_read_engine,dut.gen_read_master[3].u_read_engine.crc_calc_mismatch_c,tmr_voter_logic,read_active,until_detected,3,detected,crc_calc_mismatch_c,-1
L0383_000,axi_read_engine,dut.gen_read_master[3].u_read_engine.crc_calc_mismatch_comb,tmr_voter_logic,read_active,until_detected,3,detected,crc_calc_mismatch_comb,-1
L0384_000,axi_read_engine,dut.gen_read_master[3].u_read_engine.internal_safety_fault,crc_check_logic,read_active,until_detected,3,detected,internal_safety_fault,-1
L0385_000,axi_read_engine,dut.gen_read_master[3].u_read_engine.slot_shadow_error_comb,fault_detect_logic,read_active,until_detected,3,detected,slot_shadow_error_comb,-1
L0386_000,axi_read_engine,dut.gen_read_master[3].u_read_engine.fault_i[*],fault_detect_logic,read_active,until_detected,3,detected,fault_i,-1
L0387_000,axi_read_engine,dut.gen_read_master[3].u_read_engine.fault_i[*],fault_detect_logic,read_active,until_detected,3,detected,fault_i,-1
L0388_000,axi_read_engine,dut.gen_read_master[3].u_read_engine.rid_match_found,comb_logic,read_active,until_detected,3,detected,rid_match_found,-1
L0389_000,axi_read_engine,dut.gen_read_master[3].u_read_engine.rid_match_idx[*],comb_logic,read_active,until_detected,3,detected,rid_match_idx,-1
L0390_000,axi_read_engine,dut.gen_read_master[3].u_read_engine.scan_i[*],comb_logic,read_active,until_detected,3,detected,scan_i,-1
L0391_000,axi_read_engine,dut.gen_read_master[3].u_read_engine.scan_i[*],comb_logic,read_active,until_detected,3,detected,scan_i,-1
L0392_000,axi_read_engine,dut.gen_read_master[3].u_read_engine.rid_match_idx[*],comb_logic,read_active,until_detected,3,detected,rid_match_idx,-1
L0393_000,axi_read_engine,dut.gen_read_master[3].u_read_engine.r_accum_next[*],comb_logic,read_active,until_detected,3,detected,r_accum_next,-1
L0394_000,axi_read_engine,dut.gen_read_master[3].u_read_engine.r_error_next,fault_detect_logic,read_active,until_detected,3,detected,r_error_next,-1
L0395_000,axi_read_engine,dut.gen_read_master[3].u_read_engine.r_last_expected,comb_logic,read_active,until_detected,3,detected,r_last_expected,-1
L0396_000,axi_read_engine,dut.gen_read_master[3].u_read_engine.r_crc_expected[*],crc_check_logic,read_active,until_detected,3,detected,r_crc_expected,-1
L0397_000,axi_read_engine,dut.gen_read_master[3].u_read_engine.r_crc_expected_dup[*],crc_check_logic,read_active,until_detected,3,detected,r_crc_expected_dup,-1
L0398_000,axi_read_engine,dut.gen_read_master[3].u_read_engine.r_crc_expected_triple[*],crc_check_logic,read_active,until_detected,3,detected,r_crc_expected_triple,-1
L0399_000,axi_read_engine,dut.gen_read_master[3].u_read_engine.r_crc_expected[*],crc_check_logic,read_active,until_detected,3,detected,r_crc_expected,-1
L0400_000,axi_read_engine,dut.gen_read_master[3].u_read_engine.r_crc_expected_dup[*],crc_check_logic,read_active,until_detected,3,detected,r_crc_expected_dup,-1
L0401_000,axi_read_engine,dut.gen_read_master[3].u_read_engine.r_crc_expected_triple[*],crc_check_logic,read_active,until_detected,3,detected,r_crc_expected_triple,-1
L0402_000,axi_read_engine,dut.gen_read_master[3].u_read_engine.r_accum_next[*],comb_logic,read_active,until_detected,3,detected,r_accum_next,-1
L0403_000,axi_read_engine,dut.gen_read_master[3].u_read_engine.r_last_expected,comb_logic,read_active,until_detected,3,detected,r_last_expected,-1
L0404_000,axi_read_engine,dut.gen_read_master[3].u_read_engine.r_error_next,crc_check_logic,read_active,until_detected,3,detected,r_error_next,-1
L0405_000,top_rsp_fifo,dut.gen_read_master[3].datapath_safety_fault,fault_detect_logic,read_response,until_detected,3,detected,datapath_safety_fault,-1
L0406_000,top_rsp_fifo,dut.gen_read_master[3].rsp_fifo_safety_fault[mi],fault_detect_logic,read_response,until_detected,3,detected,rsp_fifo_safety_fault,-1
L0407_000,top_rsp_fifo,dut.gen_read_master[3].core_read_done[mi],rsp_fifo_comb_logic,read_response,until_detected,3,detected,core_read_done,-1
L0408_000,top_rsp_fifo,dut.gen_read_master[3].core_resp_error[mi],fault_detect_logic,read_response,until_detected,3,detected,core_resp_error,-1
L0409_000,top_rsp_fifo,dut.gen_read_master[3].core_timeout[mi],fault_detect_logic,read_response,until_detected,3,detected,core_timeout,-1
L0410_000,top_rsp_fifo,dut.gen_read_master[3].core_read_data_flat[mi*DATA_W +: DATA_W],rsp_fifo_comb_logic,read_response,until_detected,3,detected,core_read_data_flat,-1
L0411_000,top_rsp_fifo,dut.gen_read_master[3].rsp_fifo_shadow_error_comb,fault_detect_logic,read_response,until_detected,3,detected,rsp_fifo_shadow_error_comb,-1
L0412_000,axi_read_engine,dut.gen_read_master[4].u_read_engine.m_axi_arlock,comb_logic,read_active,until_detected,4,detected,m_axi_arlock,-1
L0413_000,axi_read_engine,dut.gen_read_master[4].u_read_engine.m_axi_arcache[*],comb_logic,read_active,until_detected,4,detected,m_axi_arcache,-1
L0414_000,axi_read_engine,dut.gen_read_master[4].u_read_engine.m_axi_arprot[*],comb_logic,read_active,until_detected,4,detected,m_axi_arprot,-1
L0415_000,axi_read_engine,dut.gen_read_master[4].u_read_engine.m_axi_arqos[*],comb_logic,read_active,until_detected,4,detected,m_axi_arqos,-1
L0416_000,axi_read_engine,dut.gen_read_master[4].u_read_engine.ar_payload[*],comb_logic,read_active,until_detected,4,detected,ar_payload,-1
L0417_000,axi_read_engine,dut.gen_read_master[4].u_read_engine.ar_signature[*],crc_check_logic,read_active,until_detected,4,detected,ar_signature,-1
L0418_000,axi_read_engine,dut.gen_read_master[4].u_read_engine.ar_signature_dup[*],crc_check_logic,read_active,until_detected,4,detected,ar_signature_dup,-1
L0419_000,axi_read_engine,dut.gen_read_master[4].u_read_engine.ar_signature_triple[*],crc_check_logic,read_active,until_detected,4,detected,ar_signature_triple,-1
L0420_000,axi_read_engine,dut.gen_read_master[4].u_read_engine.ar_fire,axi_handshake_logic,read_active,until_detected,4,detected,ar_fire,-1
L0421_000,axi_read_engine,dut.gen_read_master[4].u_read_engine.r_fire,axi_handshake_logic,read_active,until_detected,4,detected,r_fire,-1
L0422_000,axi_read_engine,dut.gen_read_master[4].u_read_engine.request_fire,axi_handshake_logic,read_active,until_detected,4,detected,request_fire,-1
L0423_000,axi_read_engine,dut.gen_read_master[4].u_read_engine.id_capacity_ok,comb_logic,read_active,until_detected,4,detected,id_capacity_ok,-1
L0424_000,axi_read_engine,dut.gen_read_master[4].u_read_engine.cmd_ready,axi_handshake_logic,read_active,until_detected,4,detected,cmd_ready,-1
L0425_000,axi_read_engine,dut.gen_read_master[4].u_read_engine.m_axi_rready,axi_handshake_logic,read_active,until_detected,4,detected,m_axi_rready,-1
L0426_000,axi_read_engine,dut.gen_read_master[4].u_read_engine.ptr_shadow_error_comb,fault_detect_logic,read_active,until_detected,4,detected,ptr_shadow_error_comb,-1
L0427_000,axi_read_engine,dut.gen_read_master[4].u_read_engine.output_shadow_error_comb,fault_detect_logic,read_active,until_detected,4,detected,output_shadow_error_comb,-1
L0428_000,axi_read_engine,dut.gen_read_master[4].u_read_engine.crc_calc_mismatch_a,tmr_voter_logic,read_active,until_detected,4,detected,crc_calc_mismatch_a,-1
L0429_000,axi_read_engine,dut.gen_read_master[4].u_read_engine.crc_calc_mismatch_b,tmr_voter_logic,read_active,until_detected,4,detected,crc_calc_mismatch_b,-1
L0430_000,axi_read_engine,dut.gen_read_master[4].u_read_engine.crc_calc_mismatch_c,tmr_voter_logic,read_active,until_detected,4,detected,crc_calc_mismatch_c,-1
L0431_000,axi_read_engine,dut.gen_read_master[4].u_read_engine.crc_calc_mismatch_comb,tmr_voter_logic,read_active,until_detected,4,detected,crc_calc_mismatch_comb,-1
L0432_000,axi_read_engine,dut.gen_read_master[4].u_read_engine.internal_safety_fault,crc_check_logic,read_active,until_detected,4,detected,internal_safety_fault,-1
L0433_000,axi_read_engine,dut.gen_read_master[4].u_read_engine.slot_shadow_error_comb,fault_detect_logic,read_active,until_detected,4,detected,slot_shadow_error_comb,-1
L0434_000,axi_read_engine,dut.gen_read_master[4].u_read_engine.fault_i[*],fault_detect_logic,read_active,until_detected,4,detected,fault_i,-1
L0435_000,axi_read_engine,dut.gen_read_master[4].u_read_engine.fault_i[*],fault_detect_logic,read_active,until_detected,4,detected,fault_i,-1
L0436_000,axi_read_engine,dut.gen_read_master[4].u_read_engine.rid_match_found,comb_logic,read_active,until_detected,4,detected,rid_match_found,-1
L0437_000,axi_read_engine,dut.gen_read_master[4].u_read_engine.rid_match_idx[*],comb_logic,read_active,until_detected,4,detected,rid_match_idx,-1
L0438_000,axi_read_engine,dut.gen_read_master[4].u_read_engine.scan_i[*],comb_logic,read_active,until_detected,4,detected,scan_i,-1
L0439_000,axi_read_engine,dut.gen_read_master[4].u_read_engine.scan_i[*],comb_logic,read_active,until_detected,4,detected,scan_i,-1
L0440_000,axi_read_engine,dut.gen_read_master[4].u_read_engine.rid_match_idx[*],comb_logic,read_active,until_detected,4,detected,rid_match_idx,-1
L0441_000,axi_read_engine,dut.gen_read_master[4].u_read_engine.r_accum_next[*],comb_logic,read_active,until_detected,4,detected,r_accum_next,-1
L0442_000,axi_read_engine,dut.gen_read_master[4].u_read_engine.r_error_next,fault_detect_logic,read_active,until_detected,4,detected,r_error_next,-1
L0443_000,axi_read_engine,dut.gen_read_master[4].u_read_engine.r_last_expected,comb_logic,read_active,until_detected,4,detected,r_last_expected,-1
L0444_000,axi_read_engine,dut.gen_read_master[4].u_read_engine.r_crc_expected[*],crc_check_logic,read_active,until_detected,4,detected,r_crc_expected,-1
L0445_000,axi_read_engine,dut.gen_read_master[4].u_read_engine.r_crc_expected_dup[*],crc_check_logic,read_active,until_detected,4,detected,r_crc_expected_dup,-1
L0446_000,axi_read_engine,dut.gen_read_master[4].u_read_engine.r_crc_expected_triple[*],crc_check_logic,read_active,until_detected,4,detected,r_crc_expected_triple,-1
L0447_000,axi_read_engine,dut.gen_read_master[4].u_read_engine.r_crc_expected[*],crc_check_logic,read_active,until_detected,4,detected,r_crc_expected,-1
L0448_000,axi_read_engine,dut.gen_read_master[4].u_read_engine.r_crc_expected_dup[*],crc_check_logic,read_active,until_detected,4,detected,r_crc_expected_dup,-1
L0449_000,axi_read_engine,dut.gen_read_master[4].u_read_engine.r_crc_expected_triple[*],crc_check_logic,read_active,until_detected,4,detected,r_crc_expected_triple,-1
L0450_000,axi_read_engine,dut.gen_read_master[4].u_read_engine.r_accum_next[*],comb_logic,read_active,until_detected,4,detected,r_accum_next,-1
L0451_000,axi_read_engine,dut.gen_read_master[4].u_read_engine.r_last_expected,comb_logic,read_active,until_detected,4,detected,r_last_expected,-1
L0452_000,axi_read_engine,dut.gen_read_master[4].u_read_engine.r_error_next,crc_check_logic,read_active,until_detected,4,detected,r_error_next,-1
L0453_000,top_rsp_fifo,dut.gen_read_master[4].datapath_safety_fault,fault_detect_logic,read_response,until_detected,4,detected,datapath_safety_fault,-1
L0454_000,top_rsp_fifo,dut.gen_read_master[4].rsp_fifo_safety_fault[mi],fault_detect_logic,read_response,until_detected,4,detected,rsp_fifo_safety_fault,-1
L0455_000,top_rsp_fifo,dut.gen_read_master[4].core_read_done[mi],rsp_fifo_comb_logic,read_response,until_detected,4,detected,core_read_done,-1
L0456_000,top_rsp_fifo,dut.gen_read_master[4].core_resp_error[mi],fault_detect_logic,read_response,until_detected,4,detected,core_resp_error,-1
L0457_000,top_rsp_fifo,dut.gen_read_master[4].core_timeout[mi],fault_detect_logic,read_response,until_detected,4,detected,core_timeout,-1
L0458_000,top_rsp_fifo,dut.gen_read_master[4].core_read_data_flat[mi*DATA_W +: DATA_W],rsp_fifo_comb_logic,read_response,until_detected,4,detected,core_read_data_flat,-1
L0459_000,top_rsp_fifo,dut.gen_read_master[4].rsp_fifo_shadow_error_comb,fault_detect_logic,read_response,until_detected,4,detected,rsp_fifo_shadow_error_comb,-1
